/data4/kenkim/multiCH/Dereverb_4IR_0.1/train/114_RIR_3_3927-6556-0030.pth,/home/kenkim/librispeech/txt/train/3927-6556-0030.txt,/home/kenkim/librispeech/feature_stft_complex_400ms/train/3927-6556-0030.pth,0.028114529894170102,0.02761036868019814,0.034041201914990715,0.02709737836617488,0.02370917061531667
/data4/kenkim/multiCH/Dereverb_4IR_0.1/train/126_RIR_3_844-135042-0013.pth,/home/kenkim/librispeech/txt/train/844-135042-0013.txt,/home/kenkim/librispeech/feature_stft_complex_400ms/train/844-135042-0013.pth,0.041727756841488814,0.038066528480865766,0.047190560308214224,0.037596852233114236,0.04405708634376103
/data4/kenkim/multiCH/Dereverb_4IR_0.1/train/183_RIR_4_1179-136599-0037.pth,/home/kenkim/librispeech/txt/train/1179-136599-0037.txt,/home/kenkim/librispeech/feature_stft_complex_400ms/train/1179-136599-0037.pth,0.03842433908843043,0.03393147341598964,0.04053322316117228,0.04250650696842055,0.03672615280813924
/data4/kenkim/multiCH/Dereverb_4IR_0.1/train/62_RIR_2_7437-96157-0009.pth,/home/kenkim/librispeech/txt/train/7437-96157-0009.txt,/home/kenkim/librispeech/feature_stft_complex_400ms/train/7437-96157-0009.pth,0.04007868632824269,0.03254475055763707,0.04705148253218522,0.044450764527491485,0.03626774769565699
/data4/kenkim/multiCH/Dereverb_4IR_0.1/train/122_RIR_3_1920-147026-0043.pth,/home/kenkim/librispeech/txt/train/1920-147026-0043.txt,/home/kenkim/librispeech/feature_stft_complex_400ms/train/1920-147026-0043.pth,0.03521446946792753,0.03574355320990345,0.038448686967616254,0.03541005739959767,0.031255580294592716
/data4/kenkim/multiCH/Dereverb_4IR_0.1/train/31_RIR_1_1274-121770-0015.pth,/home/kenkim/librispeech/txt/train/1274-121770-0015.txt,/home/kenkim/librispeech/feature_stft_complex_400ms/train/1274-121770-0015.pth,0.03054692938277373,0.026284954308487894,0.03362490418653403,0.034894138785626874,0.027383720250446122
/data4/kenkim/multiCH/Dereverb_4IR_0.1/train/195_RIR_4_483-125116-0029.pth,/home/kenkim/librispeech/txt/train/483-125116-0029.txt,/home/kenkim/librispeech/feature_stft_complex_400ms/train/483-125116-0029.pth,0.02769946843026926,0.028947600520987365,0.029585255129382572,0.028396953993642948,0.023868064077064155
/data4/kenkim/multiCH/Dereverb_4IR_0.1/train/97_RIR_2_1165-135220-0013.pth,/home/kenkim/librispeech/txt/train/1165-135220-0013.txt,/home/kenkim/librispeech/feature_stft_complex_400ms/train/1165-135220-0013.pth,0.03174812939755431,0.028331244096905732,0.031851334745634306,0.034984736365465174,0.03182520238221204
/data4/kenkim/multiCH/Dereverb_4IR_0.1/train/138_RIR_3_927-132462-0080.pth,/home/kenkim/librispeech/txt/train/927-132462-0080.txt,/home/kenkim/librispeech/feature_stft_complex_400ms/train/927-132462-0080.pth,0.031025153511610594,0.03167747307938581,0.03516265876890441,0.0305034474768228,0.026757034721329367
/data4/kenkim/multiCH/Dereverb_4IR_0.1/train/51_RIR_2_4071-39616-0035.pth,/home/kenkim/librispeech/txt/train/4071-39616-0035.txt,/home/kenkim/librispeech/feature_stft_complex_400ms/train/4071-39616-0035.pth,0.03994994566519947,0.036227581260352595,0.04109216456318312,0.04836539563322877,0.03411464120403342
/data4/kenkim/multiCH/Dereverb_4IR_0.1/train/185_RIR_4_1678-142279-0013.pth,/home/kenkim/librispeech/txt/train/1678-142279-0013.txt,/home/kenkim/librispeech/feature_stft_complex_400ms/train/1678-142279-0013.pth,0.02129470616543593,0.016052836468576154,0.025714576988746365,0.015559563807698662,0.02785184739672254
/data4/kenkim/multiCH/Dereverb_4IR_0.1/train/145_RIR_3_245-122648-0060.pth,/home/kenkim/librispeech/txt/train/245-122648-0060.txt,/home/kenkim/librispeech/feature_stft_complex_400ms/train/245-122648-0060.pth,0.033860037723061724,0.035468927212090176,0.03747042476158786,0.03197222019438037,0.030528578724188477
/data4/kenkim/multiCH/Dereverb_4IR_0.1/train/143_RIR_3_4344-53906-0000.pth,/home/kenkim/librispeech/txt/train/4344-53906-0000.txt,/home/kenkim/librispeech/feature_stft_complex_400ms/train/4344-53906-0000.pth,0.038153096413763965,0.036030459125331725,0.03552691939624504,0.036927065897802015,0.04412794123567709
/data4/kenkim/multiCH/Dereverb_4IR_0.1/train/100_RIR_2_5183-116605-0038.pth,/home/kenkim/librispeech/txt/train/5183-116605-0038.txt,/home/kenkim/librispeech/feature_stft_complex_400ms/train/5183-116605-0038.pth,0.034872848490492166,0.034364887866834525,0.03468878549687314,0.03662865920125405,0.03380906139700696
/data4/kenkim/multiCH/Dereverb_4IR_0.1/train/198_RIR_4_3132-167603-0025.pth,/home/kenkim/librispeech/txt/train/3132-167603-0025.txt,/home/kenkim/librispeech/feature_stft_complex_400ms/train/3132-167603-0025.pth,0.029722985739567234,0.028118400407442186,0.026697977709945434,0.03376861282853313,0.030306952012348197
/data4/kenkim/multiCH/Dereverb_4IR_0.1/train/160_RIR_4_4331-57179-0032.pth,/home/kenkim/librispeech/txt/train/4331-57179-0032.txt,/home/kenkim/librispeech/feature_stft_complex_400ms/train/4331-57179-0032.pth,0.03540774270264571,0.040296444222279626,0.035223072853776946,0.03179145389990185,0.0343199998346244
/data4/kenkim/multiCH/Dereverb_4IR_0.1/train/53_RIR_2_6549-71118-0042.pth,/home/kenkim/librispeech/txt/train/6549-71118-0042.txt,/home/kenkim/librispeech/feature_stft_complex_400ms/train/6549-71118-0042.pth,0.03460280333985553,0.027403120406388516,0.03743209076511834,0.043110830927553634,0.030465171260361624
/data4/kenkim/multiCH/Dereverb_4IR_0.1/train/56_RIR_2_5688-15787-0030.pth,/home/kenkim/librispeech/txt/train/5688-15787-0030.txt,/home/kenkim/librispeech/feature_stft_complex_400ms/train/5688-15787-0030.pth,0.03998315504303576,0.03296448941548809,0.045211841465352044,0.04209676342054346,0.03965952587075946
/data4/kenkim/multiCH/Dereverb_4IR_0.1/train/112_RIR_3_1961-149738-0012.pth,/home/kenkim/librispeech/txt/train/1961-149738-0012.txt,/home/kenkim/librispeech/feature_stft_complex_400ms/train/1961-149738-0012.pth,0.039417130857482496,0.0393149500234123,0.044816897437616146,0.04046248261903549,0.033074193349866055
/data4/kenkim/multiCH/Dereverb_4IR_0.1/train/130_RIR_3_1693-142302-0059.pth,/home/kenkim/librispeech/txt/train/1693-142302-0059.txt,/home/kenkim/librispeech/feature_stft_complex_400ms/train/1693-142302-0059.pth,0.03759744938103948,0.03690451144344823,0.04657632765678715,0.03965971488221037,0.02724924354171219
/data4/kenkim/multiCH/Dereverb_4IR_0.1/train/22_RIR_1_1184-135536-0027.pth,/home/kenkim/librispeech/txt/train/1184-135536-0027.txt,/home/kenkim/librispeech/feature_stft_complex_400ms/train/1184-135536-0027.pth,0.03025210840001771,0.025842040105098447,0.03299298764649325,0.03657084427051692,0.025602561577962212
/data4/kenkim/multiCH/Dereverb_4IR_0.1/train/193_RIR_4_705-167610-0008.pth,/home/kenkim/librispeech/txt/train/705-167610-0008.txt,/home/kenkim/librispeech/feature_stft_complex_400ms/train/705-167610-0008.pth,0.02270419993950546,0.024408682691813132,0.026741642196880213,0.021068249117334452,0.018598225751994053
/data4/kenkim/multiCH/Dereverb_4IR_0.1/train/79_RIR_2_7001-12337-0024.pth,/home/kenkim/librispeech/txt/train/7001-12337-0024.txt,/home/kenkim/librispeech/feature_stft_complex_400ms/train/7001-12337-0024.pth,0.050294825808316124,0.04663783826275561,0.05485642576186975,0.05494965620460764,0.04473538300403149
/data4/kenkim/multiCH/Dereverb_4IR_0.1/train/63_RIR_2_118-121721-0015.pth,/home/kenkim/librispeech/txt/train/118-121721-0015.txt,/home/kenkim/librispeech/feature_stft_complex_400ms/train/118-121721-0015.pth,0.039797236361850945,0.03718994217292211,0.040432281121240435,0.039690990858556104,0.04187573129468513
/data4/kenkim/multiCH/Dereverb_4IR_0.1/train/9_RIR_1_8119-115686-0052.pth,/home/kenkim/librispeech/txt/train/8119-115686-0052.txt,/home/kenkim/librispeech/feature_stft_complex_400ms/train/8119-115686-0052.pth,0.027093592805492464,0.0274027800722062,0.02835117937591461,0.027767439229826205,0.02485297254402285
/data4/kenkim/multiCH/Dereverb_4IR_0.1/train/73_RIR_2_7898-273041-0015.pth,/home/kenkim/librispeech/txt/train/7898-273041-0015.txt,/home/kenkim/librispeech/feature_stft_complex_400ms/train/7898-273041-0015.pth,0.035191718537034934,0.024355247186487444,0.049459029227883554,0.03674519781251142,0.030207399921257323
/data4/kenkim/multiCH/Dereverb_4IR_0.1/train/66_RIR_2_4791-25378-0008.pth,/home/kenkim/librispeech/txt/train/4791-25378-0008.txt,/home/kenkim/librispeech/feature_stft_complex_400ms/train/4791-25378-0008.pth,0.042658439414102606,0.03978620058047735,0.046234206402454125,0.04692704718980362,0.03768630348367533
/data4/kenkim/multiCH/Dereverb_4IR_0.1/train/82_RIR_2_6211-62844-0023.pth,/home/kenkim/librispeech/txt/train/6211-62844-0023.txt,/home/kenkim/librispeech/feature_stft_complex_400ms/train/6211-62844-0023.pth,0.036402354844837226,0.030792768465352414,0.04053237361427591,0.038243701832530716,0.03604057546718985
/data4/kenkim/multiCH/Dereverb_4IR_0.1/train/72_RIR_2_4948-28016-0040.pth,/home/kenkim/librispeech/txt/train/4948-28016-0040.txt,/home/kenkim/librispeech/feature_stft_complex_400ms/train/4948-28016-0040.pth,0.03518709566788341,0.029960111716289803,0.03614070394514883,0.04215751954081515,0.03249004746927985
/data4/kenkim/multiCH/Dereverb_4IR_0.1/train/131_RIR_3_8713-300047-0001.pth,/home/kenkim/librispeech/txt/train/8713-300047-0001.txt,/home/kenkim/librispeech/feature_stft_complex_400ms/train/8713-300047-0001.pth,0.031245779711636966,0.032365417136532265,0.03837795181560985,0.031113641175976526,0.023126108718429225
/data4/kenkim/multiCH/Dereverb_4IR_0.1/train/23_RIR_1_2339-181100-0022.pth,/home/kenkim/librispeech/txt/train/2339-181100-0022.txt,/home/kenkim/librispeech/feature_stft_complex_400ms/train/2339-181100-0022.pth,0.02675661127564987,0.025854200932886335,0.027305444000855238,0.02912515402855538,0.024741646140302533
/data4/kenkim/multiCH/Dereverb_4IR_0.1/train/71_RIR_2_6625-70995-0041.pth,/home/kenkim/librispeech/txt/train/6625-70995-0041.txt,/home/kenkim/librispeech/feature_stft_complex_400ms/train/6625-70995-0041.pth,0.018751646704998008,0.01802621412058241,0.01848210274838488,0.019467910396192157,0.019030359554832593
/data4/kenkim/multiCH/Dereverb_4IR_0.1/train/123_RIR_3_4443-3992-0033.pth,/home/kenkim/librispeech/txt/train/4443-3992-0033.txt,/home/kenkim/librispeech/feature_stft_complex_400ms/train/4443-3992-0033.pth,0.03172869688114077,0.032714082782690515,0.03609824542133909,0.03146032685070283,0.02664213246983065
/data4/kenkim/multiCH/Dereverb_4IR_0.1/train/154_RIR_4_2198-151049-0038.pth,/home/kenkim/librispeech/txt/train/2198-151049-0038.txt,/home/kenkim/librispeech/feature_stft_complex_400ms/train/2198-151049-0038.pth,0.02681638108038404,0.023741449356262226,0.02789089907409158,0.030075597514000674,0.02555757837718168
/data4/kenkim/multiCH/Dereverb_4IR_0.1/train/106_RIR_3_1384-130460-0019.pth,/home/kenkim/librispeech/txt/train/1384-130460-0019.txt,/home/kenkim/librispeech/feature_stft_complex_400ms/train/1384-130460-0019.pth,0.037847455121888286,0.034300342719119664,0.04185780742741589,0.04135502982441326,0.03387664051660433
/data4/kenkim/multiCH/Dereverb_4IR_0.1/train/93_RIR_2_7117-86732-0023.pth,/home/kenkim/librispeech/txt/train/7117-86732-0023.txt,/home/kenkim/librispeech/feature_stft_complex_400ms/train/7117-86732-0023.pth,0.03284014927714277,0.031686970959236394,0.03382428088037741,0.033063150609395776,0.03278619465956151
/data4/kenkim/multiCH/Dereverb_4IR_0.1/train/49_RIR_1_3486-166446-0032.pth,/home/kenkim/librispeech/txt/train/3486-166446-0032.txt,/home/kenkim/librispeech/feature_stft_complex_400ms/train/3486-166446-0032.pth,0.020573481898797027,0.021686421470853774,0.02145007242617604,0.0194062553245783,0.019751178373580015
/data4/kenkim/multiCH/Dereverb_4IR_0.1/train/83_RIR_2_8394-96177-0071.pth,/home/kenkim/librispeech/txt/train/8394-96177-0071.txt,/home/kenkim/librispeech/feature_stft_complex_400ms/train/8394-96177-0071.pth,0.03370664854282773,0.025771840251266796,0.04389535673848545,0.03368765222495635,0.03147174495660235
/data4/kenkim/multiCH/Dereverb_4IR_0.1/train/162_RIR_4_982-133222-0025.pth,/home/kenkim/librispeech/txt/train/982-133222-0025.txt,/home/kenkim/librispeech/feature_stft_complex_400ms/train/982-133222-0025.pth,0.036535246739262624,0.032396127050896645,0.03616107679968167,0.0402076049401487,0.03737617816632347
/data4/kenkim/multiCH/Dereverb_4IR_0.1/train/105_RIR_3_6399-278844-0014.pth,/home/kenkim/librispeech/txt/train/6399-278844-0014.txt,/home/kenkim/librispeech/feature_stft_complex_400ms/train/6399-278844-0014.pth,0.03413369068787439,0.03660346585886024,0.036564600876819155,0.03390404745552038,0.02946264856029779
/data4/kenkim/multiCH/Dereverb_4IR_0.1/train/117_RIR_3_5375-40170-0022.pth,/home/kenkim/librispeech/txt/train/5375-40170-0022.txt,/home/kenkim/librispeech/feature_stft_complex_400ms/train/5375-40170-0022.pth,0.03420967959697396,0.03463819130739372,0.0380434328165107,0.03214146316865124,0.03201563109534019
/data4/kenkim/multiCH/Dereverb_4IR_0.1/train/8_RIR_1_7826-107634-0011.pth,/home/kenkim/librispeech/txt/train/7826-107634-0011.txt,/home/kenkim/librispeech/feature_stft_complex_400ms/train/7826-107634-0011.pth,0.031442567270858174,0.028606710941427582,0.032984520611892026,0.036868547623120286,0.027310489906992808
/data4/kenkim/multiCH/Dereverb_4IR_0.1/train/30_RIR_1_803-139753-0029.pth,/home/kenkim/librispeech/txt/train/803-139753-0029.txt,/home/kenkim/librispeech/feature_stft_complex_400ms/train/803-139753-0029.pth,0.03281119058674029,0.026900137081429784,0.03492835954212867,0.03946040898669529,0.02995585673670743
/data4/kenkim/multiCH/Dereverb_4IR_0.1/train/13_RIR_1_6235-36641-0111.pth,/home/kenkim/librispeech/txt/train/6235-36641-0111.txt,/home/kenkim/librispeech/feature_stft_complex_400ms/train/6235-36641-0111.pth,0.028842180144490026,0.0267172262907509,0.033629410954286704,0.02958712745769554,0.025434955875226956
/data4/kenkim/multiCH/Dereverb_4IR_0.1/train/29_RIR_1_5468-43611-0032.pth,/home/kenkim/librispeech/txt/train/5468-43611-0032.txt,/home/kenkim/librispeech/feature_stft_complex_400ms/train/5468-43611-0032.pth,0.027028510531145907,0.02361481519864181,0.029941251350570457,0.028253036204223154,0.026304939371148212
/data4/kenkim/multiCH/Dereverb_4IR_0.1/train/89_RIR_2_1050-134120-0001.pth,/home/kenkim/librispeech/txt/train/1050-134120-0001.txt,/home/kenkim/librispeech/feature_stft_complex_400ms/train/1050-134120-0001.pth,0.03985292126548365,0.03472318540570074,0.041030550659833256,0.04217274152353314,0.041485207472867464
/data4/kenkim/multiCH/Dereverb_4IR_0.1/train/42_RIR_1_1726-142316-0109.pth,/home/kenkim/librispeech/txt/train/1726-142316-0109.txt,/home/kenkim/librispeech/feature_stft_complex_400ms/train/1726-142316-0109.pth,0.01903809490033629,0.02009861692871805,0.02071182050924107,0.019132164880124987,0.01620977728326105
/data4/kenkim/multiCH/Dereverb_4IR_0.1/train/44_RIR_1_4218-41146-0001.pth,/home/kenkim/librispeech/txt/train/4218-41146-0001.txt,/home/kenkim/librispeech/feature_stft_complex_400ms/train/4218-41146-0001.pth,0.02739980879899853,0.025587077367354834,0.030749243732114982,0.029733780163077178,0.023529133933447126
/data4/kenkim/multiCH/Dereverb_4IR_0.1/train/60_RIR_2_4894-7788-0088.pth,/home/kenkim/librispeech/txt/train/4894-7788-0088.txt,/home/kenkim/librispeech/feature_stft_complex_400ms/train/4894-7788-0088.pth,0.035054623482402264,0.025941060276210737,0.03690978691675826,0.04242179424224329,0.03494585249439676
/data4/kenkim/multiCH/Dereverb_4IR_0.1/train/64_RIR_2_7991-102381-0096.pth,/home/kenkim/librispeech/txt/train/7991-102381-0096.txt,/home/kenkim/librispeech/feature_stft_complex_400ms/train/7991-102381-0096.pth,0.03090526132755969,0.023947024682513057,0.03420710404557839,0.0357521646639985,0.029714751918148815
/data4/kenkim/multiCH/Dereverb_4IR_0.1/train/68_RIR_2_5970-54413-0048.pth,/home/kenkim/librispeech/txt/train/5970-54413-0048.txt,/home/kenkim/librispeech/feature_stft_complex_400ms/train/5970-54413-0048.pth,0.035176650948199155,0.028184529925166794,0.042074599734574746,0.03591547364642335,0.034532000486631735
/data4/kenkim/multiCH/Dereverb_4IR_0.1/train/107_RIR_3_5641-32124-0027.pth,/home/kenkim/librispeech/txt/train/5641-32124-0027.txt,/home/kenkim/librispeech/feature_stft_complex_400ms/train/5641-32124-0027.pth,0.03831353491739913,0.03681884863534969,0.043779438118526436,0.04001310364447023,0.032642749271250195
/data4/kenkim/multiCH/Dereverb_4IR_0.1/train/179_RIR_4_2042-134780-0047.pth,/home/kenkim/librispeech/txt/train/2042-134780-0047.txt,/home/kenkim/librispeech/feature_stft_complex_400ms/train/2042-134780-0047.pth,0.03178570524085608,0.0347182285986974,0.03184067976364992,0.030258676817035354,0.030325235784041657
/data4/kenkim/multiCH/Dereverb_4IR_0.1/train/12_RIR_1_2816-4136-0039.pth,/home/kenkim/librispeech/txt/train/2816-4136-0039.txt,/home/kenkim/librispeech/feature_stft_complex_400ms/train/2816-4136-0039.pth,0.028718743635739022,0.025546714890432302,0.029874108128749615,0.032787547926681274,0.026666603597092907
/data4/kenkim/multiCH/Dereverb_4IR_0.1/train/14_RIR_1_1387-130989-0037.pth,/home/kenkim/librispeech/txt/train/1387-130989-0037.txt,/home/kenkim/librispeech/feature_stft_complex_400ms/train/1387-130989-0037.pth,0.021229794021102765,0.01907477271688233,0.022964988896684566,0.02390975450037243,0.01896965997047173
/data4/kenkim/multiCH/Dereverb_4IR_0.1/train/161_RIR_4_8710-286293-0071.pth,/home/kenkim/librispeech/txt/train/8710-286293-0071.txt,/home/kenkim/librispeech/feature_stft_complex_400ms/train/8710-286293-0071.pth,0.02660851416533614,0.023298040471129607,0.03286699344816924,0.02574419100756942,0.024524831734476296
/data4/kenkim/multiCH/Dereverb_4IR_0.1/train/28_RIR_1_3072-155949-0027.pth,/home/kenkim/librispeech/txt/train/3072-155949-0027.txt,/home/kenkim/librispeech/feature_stft_complex_400ms/train/3072-155949-0027.pth,0.023805814822465438,0.023007477463353944,0.02497702156948025,0.026390060224634894,0.020848700032392663
/data4/kenkim/multiCH/Dereverb_4IR_0.1/train/4_RIR_1_5248-34500-0011.pth,/home/kenkim/librispeech/txt/train/5248-34500-0011.txt,/home/kenkim/librispeech/feature_stft_complex_400ms/train/5248-34500-0011.pth,0.021567201263611845,0.020464021340671698,0.023624473568664255,0.023765154747157922,0.018415155397953503
/data4/kenkim/multiCH/Dereverb_4IR_0.1/train/121_RIR_3_479-134717-0032.pth,/home/kenkim/librispeech/txt/train/479-134717-0032.txt,/home/kenkim/librispeech/feature_stft_complex_400ms/train/479-134717-0032.pth,0.04017993357446606,0.03680731810234233,0.04340238516870916,0.04581845800309749,0.03469157302371527
/data4/kenkim/multiCH/Dereverb_4IR_0.1/train/95_RIR_2_89-218-0043.pth,/home/kenkim/librispeech/txt/train/89-218-0043.txt,/home/kenkim/librispeech/feature_stft_complex_400ms/train/89-218-0043.pth,0.04021984878298358,0.037854074858005834,0.04288128596862173,0.04059463804260108,0.03954939626270568
/data4/kenkim/multiCH/Dereverb_4IR_0.1/train/180_RIR_4_6962-47545-0062.pth,/home/kenkim/librispeech/txt/train/6962-47545-0062.txt,/home/kenkim/librispeech/feature_stft_complex_400ms/train/6962-47545-0062.pth,0.029410741626186593,0.02583674697463305,0.03322921013209108,0.030378008186890015,0.02819900121113222
/data4/kenkim/multiCH/Dereverb_4IR_0.1/train/144_RIR_3_7837-109174-0003.pth,/home/kenkim/librispeech/txt/train/7837-109174-0003.txt,/home/kenkim/librispeech/feature_stft_complex_400ms/train/7837-109174-0003.pth,0.037169213947933155,0.03951494956406204,0.04555576542512188,0.03612841591160956,0.027477724890939133
/data4/kenkim/multiCH/Dereverb_4IR_0.1/train/67_RIR_2_3857-182317-0021.pth,/home/kenkim/librispeech/txt/train/3857-182317-0021.txt,/home/kenkim/librispeech/feature_stft_complex_400ms/train/3857-182317-0021.pth,0.03401516564460252,0.021878110477808535,0.03485516266513747,0.04410484268562827,0.0352225467498358
/data4/kenkim/multiCH/Dereverb_4IR_0.1/train/5_RIR_1_2262-141714-0021.pth,/home/kenkim/librispeech/txt/train/2262-141714-0021.txt,/home/kenkim/librispeech/feature_stft_complex_400ms/train/2262-141714-0021.pth,0.02632239551885013,0.02231731559234744,0.03010334677742969,0.029047599019703094,0.023821320685920303
/data4/kenkim/multiCH/Dereverb_4IR_0.1/train/98_RIR_2_8200-278238-0002.pth,/home/kenkim/librispeech/txt/train/8200-278238-0002.txt,/home/kenkim/librispeech/feature_stft_complex_400ms/train/8200-278238-0002.pth,0.03531854810437432,0.03139102158568942,0.034277923361724305,0.039585513725628435,0.036019733744455135
/data4/kenkim/multiCH/Dereverb_4IR_0.1/train/96_RIR_2_3967-29012-0041.pth,/home/kenkim/librispeech/txt/train/3967-29012-0041.txt,/home/kenkim/librispeech/feature_stft_complex_400ms/train/3967-29012-0041.pth,0.04713146609506041,0.04800502026778841,0.046499104657153845,0.04507860417951015,0.048943135275789224
/data4/kenkim/multiCH/Dereverb_4IR_0.1/train/176_RIR_4_6978-92210-0009.pth,/home/kenkim/librispeech/txt/train/6978-92210-0009.txt,/home/kenkim/librispeech/feature_stft_complex_400ms/train/6978-92210-0009.pth,0.029248387077210426,0.022051003804402208,0.02491182748138976,0.03612680100552599,0.03390391601752374
/data4/kenkim/multiCH/Dereverb_4IR_0.1/train/146_RIR_3_7708-296091-0000.pth,/home/kenkim/librispeech/txt/train/7708-296091-0000.txt,/home/kenkim/librispeech/feature_stft_complex_400ms/train/7708-296091-0000.pth,0.035871143754169464,0.04034264577894173,0.04044916436591614,0.03285262350335175,0.029840141368468253
/data4/kenkim/multiCH/Dereverb_4IR_0.1/train/177_RIR_4_3370-163384-0018.pth,/home/kenkim/librispeech/txt/train/3370-163384-0018.txt,/home/kenkim/librispeech/feature_stft_complex_400ms/train/3370-163384-0018.pth,0.031515393614407125,0.02326496411320215,0.03395923362724545,0.03656988474263482,0.03226749197454608
/data4/kenkim/multiCH/Dereverb_4IR_0.1/train/69_RIR_2_6685-70977-0009.pth,/home/kenkim/librispeech/txt/train/6685-70977-0009.txt,/home/kenkim/librispeech/feature_stft_complex_400ms/train/6685-70977-0009.pth,0.03579109233326106,0.033173156930049366,0.03484527156097867,0.039202968607362984,0.03594297223465322
/data4/kenkim/multiCH/Dereverb_4IR_0.1/train/153_RIR_4_1674-142298-0024.pth,/home/kenkim/librispeech/txt/train/1674-142298-0024.txt,/home/kenkim/librispeech/feature_stft_complex_400ms/train/1674-142298-0024.pth,0.02663047446591359,0.024666288472357425,0.028838075255229682,0.029295309910111828,0.023722224225955425
/data4/kenkim/multiCH/Dereverb_4IR_0.1/train/33_RIR_1_622-121659-0034.pth,/home/kenkim/librispeech/txt/train/622-121659-0034.txt,/home/kenkim/librispeech/feature_stft_complex_400ms/train/622-121659-0034.pth,0.029830593340528636,0.02710874749256313,0.03129670601945833,0.033409017076010954,0.027507902774082126
/data4/kenkim/multiCH/Dereverb_4IR_0.1/train/108_RIR_3_2592-5341-0040.pth,/home/kenkim/librispeech/txt/train/2592-5341-0040.txt,/home/kenkim/librispeech/feature_stft_complex_400ms/train/2592-5341-0040.pth,0.047713767827477147,0.04265492809586827,0.0508526591351689,0.04737813406750945,0.04996935001136195
/data4/kenkim/multiCH/Dereverb_4IR_0.1/train/3_RIR_1_9000-282380-0053.pth,/home/kenkim/librispeech/txt/train/9000-282380-0053.txt,/home/kenkim/librispeech/feature_stft_complex_400ms/train/9000-282380-0053.pth,0.04006300746723886,0.035939383756644565,0.039886591637443916,0.0475652450922882,0.036860809382578776
/data4/kenkim/multiCH/Dereverb_4IR_0.1/train/190_RIR_4_8799-291938-0029.pth,/home/kenkim/librispeech/txt/train/8799-291938-0029.txt,/home/kenkim/librispeech/feature_stft_complex_400ms/train/8799-291938-0029.pth,0.030169996236406902,0.022647051581773815,0.028815432853032293,0.035729161393587575,0.03348833911723392
/data4/kenkim/multiCH/Dereverb_4IR_0.1/train/58_RIR_2_5239-31629-0000.pth,/home/kenkim/librispeech/txt/train/5239-31629-0000.txt,/home/kenkim/librispeech/feature_stft_complex_400ms/train/5239-31629-0000.pth,0.03456634912339894,0.02887552945020506,0.034857422353186056,0.0416137674275321,0.03291867726267256
/data4/kenkim/multiCH/Dereverb_4IR_0.1/train/46_RIR_1_2089-148992-0007.pth,/home/kenkim/librispeech/txt/train/2089-148992-0007.txt,/home/kenkim/librispeech/feature_stft_complex_400ms/train/2089-148992-0007.pth,0.03410162395717603,0.032951273457508236,0.035212415379958534,0.03664858429418573,0.031594222697051616
/data4/kenkim/multiCH/Dereverb_4IR_0.1/train/27_RIR_1_369-125882-0021.pth,/home/kenkim/librispeech/txt/train/369-125882-0021.txt,/home/kenkim/librispeech/feature_stft_complex_400ms/train/369-125882-0021.pth,0.03519111243473529,0.028306611068022326,0.03552880359672571,0.043846893720175875,0.03308214135401725
/data4/kenkim/multiCH/Dereverb_4IR_0.1/train/142_RIR_3_1603-140931-0023.pth,/home/kenkim/librispeech/txt/train/1603-140931-0023.txt,/home/kenkim/librispeech/feature_stft_complex_400ms/train/1603-140931-0023.pth,0.04005746829401578,0.040550445906759075,0.04192640386759211,0.04119074081618361,0.03656228258552832
/data4/kenkim/multiCH/Dereverb_4IR_0.1/train/24_RIR_1_4957-36386-0011.pth,/home/kenkim/librispeech/txt/train/4957-36386-0011.txt,/home/kenkim/librispeech/feature_stft_complex_400ms/train/4957-36386-0011.pth,0.027761192578481586,0.02664567772988624,0.029856461010858315,0.028508078063666155,0.026034553509515636
/data4/kenkim/multiCH/Dereverb_4IR_0.1/train/18_RIR_1_1387-130989-0003.pth,/home/kenkim/librispeech/txt/train/1387-130989-0003.txt,/home/kenkim/librispeech/feature_stft_complex_400ms/train/1387-130989-0003.pth,0.030666807295189752,0.02776749145648917,0.0325497854057644,0.03411885875554575,0.0282310935629597
/data4/kenkim/multiCH/Dereverb_4IR_0.1/train/147_RIR_3_679-155529-0043.pth,/home/kenkim/librispeech/txt/train/679-155529-0043.txt,/home/kenkim/librispeech/feature_stft_complex_400ms/train/679-155529-0043.pth,0.03021468269744173,0.03076730103923013,0.03429666168411897,0.028929797070037875,0.02686497099637994
/data4/kenkim/multiCH/Dereverb_4IR_0.1/train/140_RIR_3_7348-86748-0029.pth,/home/kenkim/librispeech/txt/train/7348-86748-0029.txt,/home/kenkim/librispeech/feature_stft_complex_400ms/train/7348-86748-0029.pth,0.0371312121363722,0.036609518764462674,0.04190422699247051,0.03763669502507208,0.032374407763483534
/data4/kenkim/multiCH/Dereverb_4IR_0.1/train/103_RIR_3_614-161065-0020.pth,/home/kenkim/librispeech/txt/train/614-161065-0020.txt,/home/kenkim/librispeech/feature_stft_complex_400ms/train/614-161065-0020.pth,0.03239758898528819,0.03457862104505964,0.03615309711689316,0.03475227285466808,0.024106364924531897
/data4/kenkim/multiCH/Dereverb_4IR_0.1/train/61_RIR_2_3665-8587-0071.pth,/home/kenkim/librispeech/txt/train/3665-8587-0071.txt,/home/kenkim/librispeech/feature_stft_complex_400ms/train/3665-8587-0071.pth,0.03850449774142723,0.03380203698432783,0.041326455362856306,0.04326505500533997,0.03562444361318481
/data4/kenkim/multiCH/Dereverb_4IR_0.1/train/187_RIR_4_6954-76579-0093.pth,/home/kenkim/librispeech/txt/train/6954-76579-0093.txt,/home/kenkim/librispeech/feature_stft_complex_400ms/train/6954-76579-0093.pth,0.024167507486019396,0.020489129436807127,0.02691073659305453,0.02536203763907022,0.023908126275145707
/data4/kenkim/multiCH/Dereverb_4IR_0.1/train/110_RIR_3_5239-31629-0037.pth,/home/kenkim/librispeech/txt/train/5239-31629-0037.txt,/home/kenkim/librispeech/feature_stft_complex_400ms/train/5239-31629-0037.pth,0.03321071230063674,0.03471424057065009,0.03566526891356465,0.03425353227032952,0.02820980744800273
/data4/kenkim/multiCH/Dereverb_4IR_0.1/train/59_RIR_2_2967-4901-0013.pth,/home/kenkim/librispeech/txt/train/2967-4901-0013.txt,/home/kenkim/librispeech/feature_stft_complex_400ms/train/2967-4901-0013.pth,0.04262802136230012,0.04013547888244945,0.04750040385955826,0.041758813303872905,0.041117389403319896
/data4/kenkim/multiCH/Dereverb_4IR_0.1/train/2_RIR_1_8028-233382-0064.pth,/home/kenkim/librispeech/txt/train/8028-233382-0064.txt,/home/kenkim/librispeech/feature_stft_complex_400ms/train/8028-233382-0064.pth,0.030637353905470704,0.030887355987396798,0.03133513287107671,0.03290309455343337,0.027423832209975935
/data4/kenkim/multiCH/Dereverb_4IR_0.1/train/17_RIR_1_1225-129526-0028.pth,/home/kenkim/librispeech/txt/train/1225-129526-0028.txt,/home/kenkim/librispeech/feature_stft_complex_400ms/train/1225-129526-0028.pth,0.04752903391196937,0.044386925719384476,0.04700350850463601,0.050714850383204654,0.04801085104065232
/data4/kenkim/multiCH/Dereverb_4IR_0.1/train/116_RIR_3_16-122828-0029.pth,/home/kenkim/librispeech/txt/train/16-122828-0029.txt,/home/kenkim/librispeech/feature_stft_complex_400ms/train/16-122828-0029.pth,0.03837423730887978,0.03467170398401888,0.04120613225331361,0.040743681112091416,0.03687543188609521
/data4/kenkim/multiCH/Dereverb_4IR_0.1/train/74_RIR_2_4133-6541-0046.pth,/home/kenkim/librispeech/txt/train/4133-6541-0046.txt,/home/kenkim/librispeech/feature_stft_complex_400ms/train/4133-6541-0046.pth,0.030377228448454967,0.021188272550092622,0.03352168823779777,0.035722953556579784,0.031075999449349696
/data4/kenkim/multiCH/Dereverb_4IR_0.1/train/48_RIR_1_6509-76574-0026.pth,/home/kenkim/librispeech/txt/train/6509-76574-0026.txt,/home/kenkim/librispeech/feature_stft_complex_400ms/train/6509-76574-0026.pth,0.029570210775701298,0.026193397294873445,0.03288748625046433,0.03148744418458089,0.027712515372886538
/data4/kenkim/multiCH/Dereverb_4IR_0.1/train/141_RIR_3_6509-67147-0004.pth,/home/kenkim/librispeech/txt/train/6509-67147-0004.txt,/home/kenkim/librispeech/feature_stft_complex_400ms/train/6509-67147-0004.pth,0.03439754065454028,0.03482563766849362,0.036724560533738244,0.03531234881687715,0.030727615599052106
/data4/kenkim/multiCH/Dereverb_4IR_0.1/train/81_RIR_2_246-122825-0022.pth,/home/kenkim/librispeech/txt/train/246-122825-0022.txt,/home/kenkim/librispeech/feature_stft_complex_400ms/train/246-122825-0022.pth,0.04225913079275773,0.03994013513392055,0.044143036329150454,0.04257424808850882,0.04237910361945111
/data4/kenkim/multiCH/Dereverb_4IR_0.1/train/132_RIR_3_1685-146845-0021.pth,/home/kenkim/librispeech/txt/train/1685-146845-0021.txt,/home/kenkim/librispeech/feature_stft_complex_400ms/train/1685-146845-0021.pth,0.02632445842532791,0.028069644475313158,0.02942058546828026,0.02500336286552981,0.022804240892188424
/data4/kenkim/multiCH/Dereverb_4IR_0.1/train/164_RIR_4_4222-187005-0024.pth,/home/kenkim/librispeech/txt/train/4222-187005-0024.txt,/home/kenkim/librispeech/feature_stft_complex_400ms/train/4222-187005-0024.pth,0.027420853010456006,0.02219206324955281,0.03356888756023914,0.026601505980222897,0.027320955251809182
/data4/kenkim/multiCH/Dereverb_4IR_0.1/train/196_RIR_4_7957-39967-0036.pth,/home/kenkim/librispeech/txt/train/7957-39967-0036.txt,/home/kenkim/librispeech/feature_stft_complex_400ms/train/7957-39967-0036.pth,0.03380731315174768,0.028511887577517925,0.035784349045531044,0.0375100667621852,0.03342294922175656
/data4/kenkim/multiCH/Dereverb_4IR_0.1/train/165_RIR_4_2570-157243-0009.pth,/home/kenkim/librispeech/txt/train/2570-157243-0009.txt,/home/kenkim/librispeech/feature_stft_complex_400ms/train/2570-157243-0009.pth,0.032526252766237045,0.02469331529025974,0.032497492641792906,0.03812064239037725,0.034793560742518284
/data4/kenkim/multiCH/Dereverb_4IR_0.1/train/149_RIR_3_3072-155949-0011.pth,/home/kenkim/librispeech/txt/train/3072-155949-0011.txt,/home/kenkim/librispeech/feature_stft_complex_400ms/train/3072-155949-0011.pth,0.03775763408886548,0.037237195472776916,0.04154265578872381,0.03742198260690799,0.034828702487053206
/data4/kenkim/multiCH/Dereverb_4IR_0.1/train/133_RIR_3_7333-94829-0034.pth,/home/kenkim/librispeech/txt/train/7333-94829-0034.txt,/home/kenkim/librispeech/feature_stft_complex_400ms/train/7333-94829-0034.pth,0.036688348764180825,0.03385678400916816,0.04454932014149318,0.03777572014689984,0.030571570759162107
/data4/kenkim/multiCH/Dereverb_4IR_0.1/train/175_RIR_4_1053-132821-0030.pth,/home/kenkim/librispeech/txt/train/1053-132821-0030.txt,/home/kenkim/librispeech/feature_stft_complex_400ms/train/1053-132821-0030.pth,0.03435146468957671,0.03754017831335081,0.03100706576108457,0.03368294697636421,0.03517566770750728
/data4/kenkim/multiCH/Dereverb_4IR_0.1/train/157_RIR_4_5190-87791-0053.pth,/home/kenkim/librispeech/txt/train/5190-87791-0053.txt,/home/kenkim/librispeech/feature_stft_complex_400ms/train/5190-87791-0053.pth,0.027915673045529537,0.02526521816545165,0.029649391430430105,0.029663252622386005,0.02708482996385038
/data4/kenkim/multiCH/Dereverb_4IR_0.1/train/77_RIR_2_5746-48362-0051.pth,/home/kenkim/librispeech/txt/train/5746-48362-0051.txt,/home/kenkim/librispeech/feature_stft_complex_400ms/train/5746-48362-0051.pth,0.0344370526231481,0.030548437357151514,0.03441258147918701,0.03790945731594928,0.03487773434030458
/data4/kenkim/multiCH/Dereverb_4IR_0.1/train/32_RIR_1_91-123521-0008.pth,/home/kenkim/librispeech/txt/train/91-123521-0008.txt,/home/kenkim/librispeech/feature_stft_complex_400ms/train/91-123521-0008.pth,0.026724461759795985,0.026732703265725584,0.03004579156425779,0.02719842778335057,0.02292092442584999
/data4/kenkim/multiCH/Dereverb_4IR_0.1/train/84_RIR_2_666-11244-0007.pth,/home/kenkim/librispeech/txt/train/666-11244-0007.txt,/home/kenkim/librispeech/feature_stft_complex_400ms/train/666-11244-0007.pth,0.03504949871362182,0.035546305341549594,0.033433228086392756,0.035295788248706016,0.0359226731778389
/data4/kenkim/multiCH/Dereverb_4IR_0.1/train/41_RIR_1_2764-36619-0022.pth,/home/kenkim/librispeech/txt/train/2764-36619-0022.txt,/home/kenkim/librispeech/feature_stft_complex_400ms/train/2764-36619-0022.pth,0.03636808996266666,0.03654367801800415,0.035798499100115816,0.039044752058995595,0.03408543067355107
/data4/kenkim/multiCH/Dereverb_4IR_0.1/train/11_RIR_1_2688-144987-0060.pth,/home/kenkim/librispeech/txt/train/2688-144987-0060.txt,/home/kenkim/librispeech/feature_stft_complex_400ms/train/2688-144987-0060.pth,0.03995201370510601,0.03641328998660618,0.03941925434986514,0.04651014320053973,0.037465367283412994
/data4/kenkim/multiCH/Dereverb_4IR_0.1/train/150_RIR_3_4020-180289-0022.pth,/home/kenkim/librispeech/txt/train/4020-180289-0022.txt,/home/kenkim/librispeech/feature_stft_complex_400ms/train/4020-180289-0022.pth,0.03697174514621501,0.03988432392744068,0.04046820188995368,0.03810004749274379,0.029434407274721918
/data4/kenkim/multiCH/Dereverb_4IR_0.1/train/191_RIR_4_4598-2503-0033.pth,/home/kenkim/librispeech/txt/train/4598-2503-0033.txt,/home/kenkim/librispeech/feature_stft_complex_400ms/train/4598-2503-0033.pth,0.027893059788358703,0.025996210136743064,0.03096874003711652,0.02881624597979885,0.02579104299977638
/data4/kenkim/multiCH/Dereverb_4IR_0.1/train/6_RIR_1_7208-7772-0003.pth,/home/kenkim/librispeech/txt/train/7208-7772-0003.txt,/home/kenkim/librispeech/feature_stft_complex_400ms/train/7208-7772-0003.pth,0.04999872115564579,0.0453419377185765,0.050088921165213005,0.05484116648963547,0.04972285924915817
/data4/kenkim/multiCH/Dereverb_4IR_0.1/train/10_RIR_1_4853-27670-0016.pth,/home/kenkim/librispeech/txt/train/4853-27670-0016.txt,/home/kenkim/librispeech/feature_stft_complex_400ms/train/4853-27670-0016.pth,0.03001107125829277,0.02684607853818525,0.03309716827057012,0.0333999775475203,0.026701060676895413
/data4/kenkim/multiCH/Dereverb_4IR_0.1/train/182_RIR_4_7708-293973-0030.pth,/home/kenkim/librispeech/txt/train/7708-293973-0030.txt,/home/kenkim/librispeech/feature_stft_complex_400ms/train/7708-293973-0030.pth,0.0353564619062254,0.03113682912050654,0.04117611588117482,0.035879029411570215,0.033233873211650014
/data4/kenkim/multiCH/Dereverb_4IR_0.1/train/39_RIR_1_4193-48170-0033.pth,/home/kenkim/librispeech/txt/train/4193-48170-0033.txt,/home/kenkim/librispeech/feature_stft_complex_400ms/train/4193-48170-0033.pth,0.030338265859528882,0.02914196588337787,0.03308210353434174,0.03303801185760226,0.026090982162793652
/data4/kenkim/multiCH/Dereverb_4IR_0.1/train/1_RIR_1_7463-99912-0035.pth,/home/kenkim/librispeech/txt/train/7463-99912-0035.txt,/home/kenkim/librispeech/feature_stft_complex_400ms/train/7463-99912-0035.pth,0.03687085767232943,0.030688559724734957,0.03932225143292983,0.04300533519767692,0.03446728433397601
/data4/kenkim/multiCH/Dereverb_4IR_0.1/train/197_RIR_4_3025-12971-0089.pth,/home/kenkim/librispeech/txt/train/3025-12971-0089.txt,/home/kenkim/librispeech/feature_stft_complex_400ms/train/3025-12971-0089.pth,0.03444628820475587,0.029548685803546845,0.037159565283813464,0.037559970221096625,0.033516931510566554
/data4/kenkim/multiCH/Dereverb_4IR_0.1/train/38_RIR_1_1349-135892-0062.pth,/home/kenkim/librispeech/txt/train/1349-135892-0062.txt,/home/kenkim/librispeech/feature_stft_complex_400ms/train/1349-135892-0062.pth,0.02432190709107187,0.021671870217108175,0.026287521935953635,0.02701462849952466,0.02231360771170101
/data4/kenkim/multiCH/Dereverb_4IR_0.1/train/35_RIR_1_2448-163517-0014.pth,/home/kenkim/librispeech/txt/train/2448-163517-0014.txt,/home/kenkim/librispeech/feature_stft_complex_400ms/train/2448-163517-0014.pth,0.029543622851059482,0.028387286484898223,0.03219313051156014,0.03289333715740633,0.024700737250373233
/data4/kenkim/multiCH/Dereverb_4IR_0.1/train/86_RIR_2_3285-121401-0054.pth,/home/kenkim/librispeech/txt/train/3285-121401-0054.txt,/home/kenkim/librispeech/feature_stft_complex_400ms/train/3285-121401-0054.pth,0.029960073578484632,0.02351344863872284,0.03131668211652685,0.03407934766045205,0.030930815898236798
/data4/kenkim/multiCH/Dereverb_4IR_0.1/train/166_RIR_4_369-125882-0007.pth,/home/kenkim/librispeech/txt/train/369-125882-0007.txt,/home/kenkim/librispeech/feature_stft_complex_400ms/train/369-125882-0007.pth,0.025015683282935984,0.020508519176301546,0.026053496780139643,0.02897825880950994,0.02452245836579281
/data4/kenkim/multiCH/Dereverb_4IR_0.1/train/135_RIR_3_3807-4955-0018.pth,/home/kenkim/librispeech/txt/train/3807-4955-0018.txt,/home/kenkim/librispeech/feature_stft_complex_400ms/train/3807-4955-0018.pth,0.02967292664355445,0.030659384469657908,0.034734062779302265,0.030723419773665647,0.02257483955159198
/data4/kenkim/multiCH/Dereverb_4IR_0.1/train/75_RIR_2_7337-89742-0056.pth,/home/kenkim/librispeech/txt/train/7337-89742-0056.txt,/home/kenkim/librispeech/feature_stft_complex_400ms/train/7337-89742-0056.pth,0.03282097503170026,0.023795558159310726,0.03378595164200273,0.038397339520549544,0.03530505080493805
/data4/kenkim/multiCH/Dereverb_4IR_0.1/train/76_RIR_2_1920-1793-0083.pth,/home/kenkim/librispeech/txt/train/1920-1793-0083.txt,/home/kenkim/librispeech/feature_stft_complex_400ms/train/1920-1793-0083.pth,0.04029824105891225,0.033870593419168704,0.045047947992814745,0.04248973405790907,0.03978468876575647
/data4/kenkim/multiCH/Dereverb_4IR_0.1/train/111_RIR_3_7012-75354-0000.pth,/home/kenkim/librispeech/txt/train/7012-75354-0000.txt,/home/kenkim/librispeech/feature_stft_complex_400ms/train/7012-75354-0000.pth,0.030244955929070075,0.03149334672064469,0.030923251638473034,0.03212289471272079,0.026440330644441797
/data4/kenkim/multiCH/Dereverb_4IR_0.1/train/80_RIR_2_5894-64100-0019.pth,/home/kenkim/librispeech/txt/train/5894-64100-0019.txt,/home/kenkim/librispeech/feature_stft_complex_400ms/train/5894-64100-0019.pth,0.033878502311139806,0.02895981171128473,0.03791100551357387,0.03595329960914888,0.03268989241055175
/data4/kenkim/multiCH/Dereverb_4IR_0.1/train/36_RIR_1_3912-82271-0010.pth,/home/kenkim/librispeech/txt/train/3912-82271-0010.txt,/home/kenkim/librispeech/feature_stft_complex_400ms/train/3912-82271-0010.pth,0.030484422621835372,0.025977862362353294,0.032563291600579726,0.03587282217434141,0.02752371435006707
/data4/kenkim/multiCH/Dereverb_4IR_0.1/train/118_RIR_3_606-121661-0031.pth,/home/kenkim/librispeech/txt/train/606-121661-0031.txt,/home/kenkim/librispeech/feature_stft_complex_400ms/train/606-121661-0031.pth,0.03118326244081475,0.02913447609521776,0.03703741297845663,0.03299177456211269,0.025569386127471914
/data4/kenkim/multiCH/Dereverb_4IR_0.1/train/188_RIR_4_1494-138315-0005.pth,/home/kenkim/librispeech/txt/train/1494-138315-0005.txt,/home/kenkim/librispeech/feature_stft_complex_400ms/train/1494-138315-0005.pth,0.02592674524918424,0.02590972518118332,0.024791478312034442,0.02666662853043544,0.026339148973083763
/data4/kenkim/multiCH/Dereverb_4IR_0.1/train/184_RIR_4_1343-158796-0026.pth,/home/kenkim/librispeech/txt/train/1343-158796-0026.txt,/home/kenkim/librispeech/feature_stft_complex_400ms/train/1343-158796-0026.pth,0.029600079058333603,0.03061466716015479,0.027710605378807287,0.030267893312821127,0.02980715038155122
/data4/kenkim/multiCH/Dereverb_4IR_0.1/train/173_RIR_4_2110-161101-0007.pth,/home/kenkim/librispeech/txt/train/2110-161101-0007.txt,/home/kenkim/librispeech/feature_stft_complex_400ms/train/2110-161101-0007.pth,0.02947240459418813,0.02282348681137028,0.03183128884962848,0.03275455759439704,0.03048028512135672
/data4/kenkim/multiCH/Dereverb_4IR_0.1/train/65_RIR_2_2518-154826-0033.pth,/home/kenkim/librispeech/txt/train/2518-154826-0033.txt,/home/kenkim/librispeech/feature_stft_complex_400ms/train/2518-154826-0033.pth,0.033255485379434555,0.027178335134463882,0.03201305455392047,0.04044473068650411,0.03338582114284975
/data4/kenkim/multiCH/Dereverb_4IR_0.1/train/45_RIR_1_2110-161100-0031.pth,/home/kenkim/librispeech/txt/train/2110-161100-0031.txt,/home/kenkim/librispeech/feature_stft_complex_400ms/train/2110-161100-0031.pth,0.022973213117305658,0.021433338172275607,0.022953772628957564,0.026043342049817758,0.0214623996181717
/data4/kenkim/multiCH/Dereverb_4IR_0.1/train/189_RIR_4_6713-56749-0044.pth,/home/kenkim/librispeech/txt/train/6713-56749-0044.txt,/home/kenkim/librispeech/feature_stft_complex_400ms/train/6713-56749-0044.pth,0.03176984643979052,0.03444717806889234,0.04007804179099502,0.029503988357741262,0.023050177541533455
/data4/kenkim/multiCH/Dereverb_4IR_0.1/train/37_RIR_1_4594-902-0077.pth,/home/kenkim/librispeech/txt/train/4594-902-0077.txt,/home/kenkim/librispeech/feature_stft_complex_400ms/train/4594-902-0077.pth,0.03436441426562767,0.03316559546795174,0.03911930103836837,0.035101044260093514,0.030071716296097034
/data4/kenkim/multiCH/Dereverb_4IR_0.1/train/115_RIR_3_8040-260923-0012.pth,/home/kenkim/librispeech/txt/train/8040-260923-0012.txt,/home/kenkim/librispeech/feature_stft_complex_400ms/train/8040-260923-0012.pth,0.034940776022079054,0.03642309265825312,0.040355282089123756,0.036007953736465856,0.026976775604473476
/data4/kenkim/multiCH/Dereverb_4IR_0.1/train/129_RIR_3_1347-135885-0002.pth,/home/kenkim/librispeech/txt/train/1347-135885-0002.txt,/home/kenkim/librispeech/feature_stft_complex_400ms/train/1347-135885-0002.pth,0.03484291292016075,0.03634865667286932,0.03802900133332775,0.03422569621718731,0.03076829745725861
/data4/kenkim/multiCH/Dereverb_4IR_0.1/train/127_RIR_3_2159-179154-0028.pth,/home/kenkim/librispeech/txt/train/2159-179154-0028.txt,/home/kenkim/librispeech/feature_stft_complex_400ms/train/2159-179154-0028.pth,0.03271556710150285,0.02945398735439001,0.03738080418451047,0.034172594678820764,0.02985488218829016
/data4/kenkim/multiCH/Dereverb_4IR_0.1/train/200_RIR_4_2393-144496-0104.pth,/home/kenkim/librispeech/txt/train/2393-144496-0104.txt,/home/kenkim/librispeech/feature_stft_complex_400ms/train/2393-144496-0104.pth,0.03950704947122133,0.040886578121725636,0.049552954376900694,0.034392553830170515,0.03319611155608848
/data4/kenkim/multiCH/Dereverb_4IR_0.1/train/167_RIR_4_8148-3956-0084.pth,/home/kenkim/librispeech/txt/train/8148-3956-0084.txt,/home/kenkim/librispeech/feature_stft_complex_400ms/train/8148-3956-0084.pth,0.023340564511620504,0.020315791613837574,0.026501919809148254,0.021750146422515368,0.024794400200980823
/data4/kenkim/multiCH/Dereverb_4IR_0.1/train/91_RIR_2_4936-28619-0009.pth,/home/kenkim/librispeech/txt/train/4936-28619-0009.txt,/home/kenkim/librispeech/feature_stft_complex_400ms/train/4936-28619-0009.pth,0.037164900311653815,0.033740566478233945,0.0379568052001061,0.03960632053538963,0.03735590903288558
/data4/kenkim/multiCH/Dereverb_4IR_0.1/train/52_RIR_2_1970-10594-0031.pth,/home/kenkim/librispeech/txt/train/1970-10594-0031.txt,/home/kenkim/librispeech/feature_stft_complex_400ms/train/1970-10594-0031.pth,0.037245069130228556,0.031211695398209133,0.038540702844129526,0.042594401514855135,0.03663347676372044
/data4/kenkim/multiCH/Dereverb_4IR_0.1/train/20_RIR_1_1699-141160-0006.pth,/home/kenkim/librispeech/txt/train/1699-141160-0006.txt,/home/kenkim/librispeech/feature_stft_complex_400ms/train/1699-141160-0006.pth,0.030426585941902687,0.02662174112405701,0.03206803279213177,0.034889259588935684,0.02812731026248628
/data4/kenkim/multiCH/Dereverb_4IR_0.1/train/70_RIR_2_5831-87174-0017.pth,/home/kenkim/librispeech/txt/train/5831-87174-0017.txt,/home/kenkim/librispeech/feature_stft_complex_400ms/train/5831-87174-0017.pth,0.04244186629323808,0.03915264808161581,0.04708930946909981,0.043337011681418916,0.04018849594081781
/data4/kenkim/multiCH/Dereverb_4IR_0.1/train/181_RIR_4_8778-246972-0024.pth,/home/kenkim/librispeech/txt/train/8778-246972-0024.txt,/home/kenkim/librispeech/feature_stft_complex_400ms/train/8778-246972-0024.pth,0.031744027917778285,0.023701884620671167,0.03195794434682026,0.0350968663066372,0.03621941639698451
/data4/kenkim/multiCH/Dereverb_4IR_0.1/train/120_RIR_3_688-46588-0033.pth,/home/kenkim/librispeech/txt/train/688-46588-0033.txt,/home/kenkim/librispeech/feature_stft_complex_400ms/train/688-46588-0033.pth,0.03561807587826643,0.03831883423048332,0.03900540101094175,0.03611316460708091,0.029034903664559755
/data4/kenkim/multiCH/Dereverb_4IR_0.1/train/92_RIR_2_217-122443-0080.pth,/home/kenkim/librispeech/txt/train/217-122443-0080.txt,/home/kenkim/librispeech/feature_stft_complex_400ms/train/217-122443-0080.pth,0.04179360816913782,0.040473130709601825,0.041352166682806515,0.039997184632367955,0.04535195065177497
/data4/kenkim/multiCH/Dereverb_4IR_0.1/train/174_RIR_4_6590-64285-0038.pth,/home/kenkim/librispeech/txt/train/6590-64285-0038.txt,/home/kenkim/librispeech/feature_stft_complex_400ms/train/6590-64285-0038.pth,0.026804300942022553,0.02555944142701956,0.023820313979799,0.027895354197095757,0.029942094164175894
/data4/kenkim/multiCH/Dereverb_4IR_0.1/train/171_RIR_4_1572-141715-0010.pth,/home/kenkim/librispeech/txt/train/1572-141715-0010.txt,/home/kenkim/librispeech/feature_stft_complex_400ms/train/1572-141715-0010.pth,0.036773157618830876,0.029659062784073265,0.03832537016243519,0.04139327688741798,0.03771492064139706
/data4/kenkim/multiCH/Dereverb_4IR_0.1/train/104_RIR_3_6189-64708-0039.pth,/home/kenkim/librispeech/txt/train/6189-64708-0039.txt,/home/kenkim/librispeech/feature_stft_complex_400ms/train/6189-64708-0039.pth,0.03775025739680377,0.03848288895767959,0.041563594807505135,0.0368286727063046,0.03412587311572576
/data4/kenkim/multiCH/Dereverb_4IR_0.1/train/139_RIR_3_4629-19366-0091.pth,/home/kenkim/librispeech/txt/train/4629-19366-0091.txt,/home/kenkim/librispeech/feature_stft_complex_400ms/train/4629-19366-0091.pth,0.03629937373048672,0.035757768800841506,0.039176623208572126,0.0357163486626975,0.034546754249835776
/data4/kenkim/multiCH/Dereverb_4IR_0.1/train/125_RIR_3_4824-36027-0009.pth,/home/kenkim/librispeech/txt/train/4824-36027-0009.txt,/home/kenkim/librispeech/feature_stft_complex_400ms/train/4824-36027-0009.pth,0.04150058235736136,0.04379591290752299,0.04318620057587561,0.04449541222129713,0.03452480372474971
/data4/kenkim/multiCH/Dereverb_4IR_0.1/train/16_RIR_1_319-134959-0068.pth,/home/kenkim/librispeech/txt/train/319-134959-0068.txt,/home/kenkim/librispeech/feature_stft_complex_400ms/train/319-134959-0068.pth,0.03330202070748889,0.030306288269776438,0.03390315330065125,0.03839706509538535,0.03060157616414253
/data4/kenkim/multiCH/Dereverb_4IR_0.1/train/169_RIR_4_3927-6557-0060.pth,/home/kenkim/librispeech/txt/train/3927-6557-0060.txt,/home/kenkim/librispeech/feature_stft_complex_400ms/train/3927-6557-0060.pth,0.029442561990889377,0.030682414448972017,0.03175016448250031,0.02856949563340825,0.026768173398676938
/data4/kenkim/multiCH/Dereverb_4IR_0.1/train/155_RIR_4_1513-140222-0065.pth,/home/kenkim/librispeech/txt/train/1513-140222-0065.txt,/home/kenkim/librispeech/feature_stft_complex_400ms/train/1513-140222-0065.pth,0.03261142412305076,0.035621408124349406,0.03654593056018076,0.03138841866709519,0.02688993914057767
/data4/kenkim/multiCH/Dereverb_4IR_0.1/train/102_RIR_3_8108-280354-0023.pth,/home/kenkim/librispeech/txt/train/8108-280354-0023.txt,/home/kenkim/librispeech/feature_stft_complex_400ms/train/8108-280354-0023.pth,0.033500739876684824,0.03532231036401794,0.03724794334905967,0.031808442497015234,0.02962426329664645
/data4/kenkim/multiCH/Dereverb_4IR_0.1/train/192_RIR_4_4280-185518-0093.pth,/home/kenkim/librispeech/txt/train/4280-185518-0093.txt,/home/kenkim/librispeech/feature_stft_complex_400ms/train/4280-185518-0093.pth,0.024972274281962456,0.026064894668589265,0.027851159021375332,0.024360706482024527,0.021612336955860702
/data4/kenkim/multiCH/Dereverb_4IR_0.1/train/15_RIR_1_1849-138063-0001.pth,/home/kenkim/librispeech/txt/train/1849-138063-0001.txt,/home/kenkim/librispeech/feature_stft_complex_400ms/train/1849-138063-0001.pth,0.03604232669217042,0.033678384585715294,0.035277776662058676,0.04160125248125508,0.033611893039652604
/data4/kenkim/multiCH/Dereverb_4IR_0.1/train/87_RIR_2_5940-54016-0061.pth,/home/kenkim/librispeech/txt/train/5940-54016-0061.txt,/home/kenkim/librispeech/feature_stft_complex_400ms/train/5940-54016-0061.pth,0.030166542201607062,0.030809356863023767,0.030214033612617854,0.027775862160381578,0.03186691617040504
/data4/kenkim/multiCH/Dereverb_4IR_0.1/train/57_RIR_2_8459-285173-0042.pth,/home/kenkim/librispeech/txt/train/8459-285173-0042.txt,/home/kenkim/librispeech/feature_stft_complex_400ms/train/8459-285173-0042.pth,0.033198565166331045,0.027166407322006203,0.034808551213009714,0.039543996905413374,0.03127530522489488
/data4/kenkim/multiCH/Dereverb_4IR_0.1/train/199_RIR_4_6308-68358-0026.pth,/home/kenkim/librispeech/txt/train/6308-68358-0026.txt,/home/kenkim/librispeech/feature_stft_complex_400ms/train/6308-68358-0026.pth,0.03394226968743438,0.03205581616949456,0.04060183716853418,0.03429063668647259,0.02882078872523619
/data4/kenkim/multiCH/Dereverb_4IR_0.1/train/85_RIR_2_110-2-0041.pth,/home/kenkim/librispeech/txt/train/110-2-0041.txt,/home/kenkim/librispeech/feature_stft_complex_400ms/train/110-2-0041.pth,0.033744422570099956,0.03102875224746272,0.037928353435163764,0.03339632990977778,0.032624254687995555
/data4/kenkim/multiCH/Dereverb_4IR_0.1/train/78_RIR_2_4148-183988-0055.pth,/home/kenkim/librispeech/txt/train/4148-183988-0055.txt,/home/kenkim/librispeech/feature_stft_complex_400ms/train/4148-183988-0055.pth,0.03356301895160291,0.028589474958277752,0.03195192119157767,0.03930004480087669,0.034410634855679516
/data4/kenkim/multiCH/Dereverb_4IR_0.1/train/178_RIR_4_8687-216570-0001.pth,/home/kenkim/librispeech/txt/train/8687-216570-0001.txt,/home/kenkim/librispeech/feature_stft_complex_400ms/train/8687-216570-0001.pth,0.03630118447645904,0.025986114534089538,0.03332573765396549,0.04448512181452155,0.04140776390325959
/data4/kenkim/multiCH/Dereverb_4IR_0.1/train/94_RIR_2_5740-39910-0004.pth,/home/kenkim/librispeech/txt/train/5740-39910-0004.txt,/home/kenkim/librispeech/feature_stft_complex_400ms/train/5740-39910-0004.pth,0.037807519936268165,0.031075930054994035,0.037285173471056025,0.04546154507775609,0.03740743114126651
/data4/kenkim/multiCH/Dereverb_4IR_0.1/train/156_RIR_4_5487-4873-0000.pth,/home/kenkim/librispeech/txt/train/5487-4873-0000.txt,/home/kenkim/librispeech/feature_stft_complex_400ms/train/5487-4873-0000.pth,0.029759931574304684,0.027214499526886447,0.03279686993071101,0.03064558399720411,0.02838277284241717
/data4/kenkim/multiCH/Dereverb_4IR_0.1/train/186_RIR_4_4042-12369-0109.pth,/home/kenkim/librispeech/txt/train/4042-12369-0109.txt,/home/kenkim/librispeech/feature_stft_complex_400ms/train/4042-12369-0109.pth,0.02911857093300538,0.025064915714920588,0.03300264769289245,0.031789376114124274,0.02661734421008422
/data4/kenkim/multiCH/Dereverb_4IR_0.1/train/159_RIR_4_6145-54685-0056.pth,/home/kenkim/librispeech/txt/train/6145-54685-0056.txt,/home/kenkim/librispeech/feature_stft_complex_400ms/train/6145-54685-0056.pth,0.02642345256475902,0.017912761408893443,0.017454385757981795,0.03056567705080841,0.039760986041352434
/data4/kenkim/multiCH/Dereverb_4IR_0.1/train/47_RIR_1_31-121970-0023.pth,/home/kenkim/librispeech/txt/train/31-121970-0023.txt,/home/kenkim/librispeech/feature_stft_complex_400ms/train/31-121970-0023.pth,0.02554833207760418,0.02470106693936561,0.027986947727488484,0.027217501106631885,0.022287812536930747
/data4/kenkim/multiCH/Dereverb_4IR_0.1/train/50_RIR_1_4837-285896-0005.pth,/home/kenkim/librispeech/txt/train/4837-285896-0005.txt,/home/kenkim/librispeech/feature_stft_complex_400ms/train/4837-285896-0005.pth,0.03374619602076401,0.030852489946693627,0.03583089332276664,0.03886275650014042,0.029438644313455335
/data4/kenkim/multiCH/Dereverb_4IR_0.1/train/88_RIR_2_4770-25951-0095.pth,/home/kenkim/librispeech/txt/train/4770-25951-0095.txt,/home/kenkim/librispeech/feature_stft_complex_400ms/train/4770-25951-0095.pth,0.03536411905137631,0.028942471997442577,0.03710221657712151,0.04061787225132966,0.03479391537961152
/data4/kenkim/multiCH/Dereverb_4IR_0.1/train/43_RIR_1_3380-64298-0021.pth,/home/kenkim/librispeech/txt/train/3380-64298-0021.txt,/home/kenkim/librispeech/feature_stft_complex_400ms/train/3380-64298-0021.pth,0.02677894653867033,0.022124411992007917,0.027881749038341265,0.031123787336741524,0.02598583778759061
/data4/kenkim/multiCH/Dereverb_4IR_0.1/train/136_RIR_3_1715-142315-0050.pth,/home/kenkim/librispeech/txt/train/1715-142315-0050.txt,/home/kenkim/librispeech/feature_stft_complex_400ms/train/1715-142315-0050.pth,0.01986151635511208,0.02006027307765415,0.022105327833103865,0.0209276832919304,0.016352781217759904
/data4/kenkim/multiCH/Dereverb_4IR_0.1/train/170_RIR_4_1487-133273-0024.pth,/home/kenkim/librispeech/txt/train/1487-133273-0024.txt,/home/kenkim/librispeech/feature_stft_complex_400ms/train/1487-133273-0024.pth,0.02725204161876121,0.02518892479815347,0.033982291524292246,0.026664211153576266,0.023172738999022863
/data4/kenkim/multiCH/Dereverb_4IR_0.1/train/25_RIR_1_8575-290349-0035.pth,/home/kenkim/librispeech/txt/train/8575-290349-0035.txt,/home/kenkim/librispeech/feature_stft_complex_400ms/train/8575-290349-0035.pth,0.028593219028642747,0.02726532579502322,0.03203606499631883,0.029847059164341463,0.025224426158887477
/data4/kenkim/multiCH/Dereverb_4IR_0.1/train/137_RIR_3_1018-133447-0029.pth,/home/kenkim/librispeech/txt/train/1018-133447-0029.txt,/home/kenkim/librispeech/feature_stft_complex_400ms/train/1018-133447-0029.pth,0.03109369680865913,0.032766593898537574,0.03525851251053952,0.03040108864701104,0.02594859217854839
/data4/kenkim/multiCH/Dereverb_4IR_0.1/train/101_RIR_3_14-208-0055.pth,/home/kenkim/librispeech/txt/train/14-208-0055.txt,/home/kenkim/librispeech/feature_stft_complex_400ms/train/14-208-0055.pth,0.035831897477691575,0.03807045532856962,0.03979124612031655,0.03386282171747607,0.03160306674440405
/data4/kenkim/multiCH/Dereverb_4IR_0.1/train/128_RIR_3_5019-38670-0034.pth,/home/kenkim/librispeech/txt/train/5019-38670-0034.txt,/home/kenkim/librispeech/feature_stft_complex_400ms/train/5019-38670-0034.pth,0.030695702404283254,0.03287542590349507,0.03474373204356045,0.029761877487034825,0.02540177418304267
/data4/kenkim/multiCH/Dereverb_4IR_0.1/train/90_RIR_2_2498-134816-0012.pth,/home/kenkim/librispeech/txt/train/2498-134816-0012.txt,/home/kenkim/librispeech/feature_stft_complex_400ms/train/2498-134816-0012.pth,0.036483272066196226,0.036147867944229015,0.036277581554832655,0.038587325386227014,0.03492031337949621
/data4/kenkim/multiCH/Dereverb_4IR_0.1/train/55_RIR_2_1093-132891-0065.pth,/home/kenkim/librispeech/txt/train/1093-132891-0065.txt,/home/kenkim/librispeech/feature_stft_complex_400ms/train/1093-132891-0065.pth,0.03641648644280055,0.03229667998631271,0.03482287132551665,0.03766042892866475,0.0408859655307081
/data4/kenkim/multiCH/Dereverb_4IR_0.1/train/113_RIR_3_728-348-0050.pth,/home/kenkim/librispeech/txt/train/728-348-0050.txt,/home/kenkim/librispeech/feature_stft_complex_400ms/train/728-348-0050.pth,0.037759319849948236,0.03875195469082785,0.043338696324266526,0.03627870362607685,0.032667924758621694
/data4/kenkim/multiCH/Dereverb_4IR_0.1/train/152_RIR_4_8498-287357-0024.pth,/home/kenkim/librispeech/txt/train/8498-287357-0024.txt,/home/kenkim/librispeech/feature_stft_complex_400ms/train/8498-287357-0024.pth,0.026845845482496432,0.025165915328924062,0.028083718442711625,0.027770497510158716,0.02636325064819133
/data4/kenkim/multiCH/Dereverb_4IR_0.1/train/26_RIR_1_2090-149737-0009.pth,/home/kenkim/librispeech/txt/train/2090-149737-0009.txt,/home/kenkim/librispeech/feature_stft_complex_400ms/train/2090-149737-0009.pth,0.030377975560471088,0.029589684239871003,0.0326938376716971,0.031009968792857556,0.02821841153745869
/data4/kenkim/multiCH/Dereverb_4IR_0.1/train/119_RIR_3_884-129800-0020.pth,/home/kenkim/librispeech/txt/train/884-129800-0020.txt,/home/kenkim/librispeech/feature_stft_complex_400ms/train/884-129800-0020.pth,0.031432029744015266,0.031026211517661658,0.035952797407596146,0.03218886062196793,0.026560249428835333
/data4/kenkim/multiCH/Dereverb_4IR_0.1/train/158_RIR_4_6300-39661-0072.pth,/home/kenkim/librispeech/txt/train/6300-39661-0072.txt,/home/kenkim/librispeech/feature_stft_complex_400ms/train/6300-39661-0072.pth,0.02918891079924171,0.0241346702775972,0.03159634258881852,0.031146303036141854,0.02987832729440927
/data4/kenkim/multiCH/Dereverb_4IR_0.1/train/21_RIR_1_1250-135782-0028.pth,/home/kenkim/librispeech/txt/train/1250-135782-0028.txt,/home/kenkim/librispeech/feature_stft_complex_400ms/train/1250-135782-0028.pth,0.023459480234590765,0.021607418113731187,0.026283491816467122,0.024992251024513242,0.02095475998365151
/data4/kenkim/multiCH/Dereverb_4IR_0.1/train/163_RIR_4_5062-294700-0007.pth,/home/kenkim/librispeech/txt/train/5062-294700-0007.txt,/home/kenkim/librispeech/feature_stft_complex_400ms/train/5062-294700-0007.pth,0.030102487219766605,0.029000826669441895,0.030876912795492276,0.02987551872974802,0.030656690684384223
/data4/kenkim/multiCH/Dereverb_4IR_0.1/train/99_RIR_2_4057-12085-0024.pth,/home/kenkim/librispeech/txt/train/4057-12085-0024.txt,/home/kenkim/librispeech/feature_stft_complex_400ms/train/4057-12085-0024.pth,0.04028833517193944,0.039208267990890305,0.04038592538371778,0.0451506783831991,0.036408468929950574
/data4/kenkim/multiCH/Dereverb_4IR_0.1/train/134_RIR_3_7794-295947-0024.pth,/home/kenkim/librispeech/txt/train/7794-295947-0024.txt,/home/kenkim/librispeech/feature_stft_complex_400ms/train/7794-295947-0024.pth,0.034194088961345126,0.03728744966697921,0.03807428561165018,0.033125567193493216,0.0282890533732579
/data4/kenkim/multiCH/Dereverb_4IR_0.1/train/194_RIR_4_846-130985-0028.pth,/home/kenkim/librispeech/txt/train/846-130985-0028.txt,/home/kenkim/librispeech/feature_stft_complex_400ms/train/846-130985-0028.pth,0.0275401426748451,0.02415895032956126,0.030009822757161228,0.029871980520656698,0.026119817092001223
/data4/kenkim/multiCH/Dereverb_4IR_0.1/train/172_RIR_4_3757-134141-0004.pth,/home/kenkim/librispeech/txt/train/3757-134141-0004.txt,/home/kenkim/librispeech/feature_stft_complex_400ms/train/3757-134141-0004.pth,0.027055592397565997,0.025389698716020245,0.02692067677216823,0.02743252187316161,0.028479472228913914
/data4/kenkim/multiCH/Dereverb_4IR_0.1/train/54_RIR_2_5468-55142-0016.pth,/home/kenkim/librispeech/txt/train/5468-55142-0016.txt,/home/kenkim/librispeech/feature_stft_complex_400ms/train/5468-55142-0016.pth,0.03717448163987384,0.03146026176769226,0.04168115624370528,0.04183371303099012,0.03372279551710768
/data4/kenkim/multiCH/Dereverb_4IR_0.1/train/19_RIR_1_3330-170956-0045.pth,/home/kenkim/librispeech/txt/train/3330-170956-0045.txt,/home/kenkim/librispeech/feature_stft_complex_400ms/train/3330-170956-0045.pth,0.024283473227926317,0.019478757703877858,0.024811870832733035,0.02874200250591239,0.02410126186918199
/data4/kenkim/multiCH/Dereverb_4IR_0.1/train/40_RIR_1_2741-159386-0100.pth,/home/kenkim/librispeech/txt/train/2741-159386-0100.txt,/home/kenkim/librispeech/feature_stft_complex_400ms/train/2741-159386-0100.pth,0.025014821449958046,0.024879253487410727,0.028674626398552054,0.02315267600971195,0.02335272990415745
/data4/kenkim/multiCH/Dereverb_4IR_0.1/train/7_RIR_1_5719-233361-0040.pth,/home/kenkim/librispeech/txt/train/5719-233361-0040.txt,/home/kenkim/librispeech/feature_stft_complex_400ms/train/5719-233361-0040.pth,0.027195361129002366,0.022931885838044952,0.028788891972971402,0.032097444819070065,0.02496322188592303
/data4/kenkim/multiCH/Dereverb_4IR_0.1/train/151_RIR_4_1699-141159-0019.pth,/home/kenkim/librispeech/txt/train/1699-141159-0019.txt,/home/kenkim/librispeech/feature_stft_complex_400ms/train/1699-141159-0019.pth,0.026594283264855426,0.022387035437138877,0.026402042982298885,0.028109041319867873,0.029479013320116078
/data4/kenkim/multiCH/Dereverb_4IR_0.1/train/124_RIR_3_1756-134820-0011.pth,/home/kenkim/librispeech/txt/train/1756-134820-0011.txt,/home/kenkim/librispeech/feature_stft_complex_400ms/train/1756-134820-0011.pth,0.03631812314577452,0.03943963323857351,0.03930574056827016,0.03509048021135096,0.031436638564903446
/data4/kenkim/multiCH/Dereverb_4IR_0.1/train/148_RIR_3_2911-15084-0007.pth,/home/kenkim/librispeech/txt/train/2911-15084-0007.txt,/home/kenkim/librispeech/feature_stft_complex_400ms/train/2911-15084-0007.pth,0.029811586663638402,0.027411518479566098,0.03491099669009994,0.03099179479125829,0.025932036693629278
/data4/kenkim/multiCH/Dereverb_4IR_0.1/train/109_RIR_3_7264-92310-0009.pth,/home/kenkim/librispeech/txt/train/7264-92310-0009.txt,/home/kenkim/librispeech/feature_stft_complex_400ms/train/7264-92310-0009.pth,0.02884042027915121,0.026941567608213937,0.035204702475510705,0.02906349248320179,0.024151918549678405
/data4/kenkim/multiCH/Dereverb_4IR_0.1/train/168_RIR_4_4019-8899-0049.pth,/home/kenkim/librispeech/txt/train/4019-8899-0049.txt,/home/kenkim/librispeech/feature_stft_complex_400ms/train/4019-8899-0049.pth,0.029854859459051294,0.03227379681360775,0.030811710954399434,0.02899974980172227,0.027334180266475716
/data4/kenkim/multiCH/Dereverb_4IR_0.1/train/34_RIR_1_2198-133546-0017.pth,/home/kenkim/librispeech/txt/train/2198-133546-0017.txt,/home/kenkim/librispeech/feature_stft_complex_400ms/train/2198-133546-0017.pth,0.018916382980305443,0.01988058111759204,0.0191829292701463,0.019023528468935416,0.017578493064548017
